{"cameraMode":{"drawMode":0,"name":"Shaded","section":"Shading Mode"},"sceneLighting":false,"audioPlay":false,"sceneViewState":{"showFog":true,"showMaterialUpdate":false,"showSkybox":false,"showFlares":true,"showImageEffects":true,"showParticleSystems":true},"in2DMode":false,"pivot":{"x":-5.639999866485596,"y":4.440000057220459,"z":-5.78000020980835},"rotation":{"x":-0.3715974986553192,"y":0.3674207925796509,"z":-0.16316035389900208,"w":-0.8368369340896606},"size":1.7147314548492432,"orthographic":true}