{"cameraMode":{"drawMode":0,"name":"Shaded","section":"Shading Mode"},"sceneLighting":false,"audioPlay":false,"sceneViewState":{"showFog":true,"showMaterialUpdate":false,"showSkybox":false,"showFlares":true,"showImageEffects":true,"showParticleSystems":true},"in2DMode":false,"pivot":{"x":-6.980312347412109,"y":-2.2791919708251955,"z":0.7676506042480469},"rotation":{"x":0.24230587482452393,"y":0.6721211075782776,"z":-0.24907825887203217,"w":0.6538357734680176},"size":145.37802124023438,"orthographic":true}