{"cameraMode":{"drawMode":0,"name":"Shaded","section":"Shading Mode"},"sceneLighting":true,"audioPlay":false,"sceneViewState":{"showFog":true,"showMaterialUpdate":false,"showSkybox":false,"showFlares":true,"showImageEffects":true,"showParticleSystems":true},"in2DMode":false,"pivot":{"x":1.9695556163787842,"y":0.6133918762207031,"z":-28.04543685913086},"rotation":{"x":0.4893037974834442,"y":0.5105912685394287,"z":-0.49252912402153017,"w":0.5072409510612488},"size":61.12836456298828,"orthographic":false}