{"cameraMode":{"drawMode":0,"name":"Shaded","section":"Shading Mode"},"sceneLighting":false,"audioPlay":false,"sceneViewState":{"showFog":true,"showMaterialUpdate":false,"showSkybox":false,"showFlares":true,"showImageEffects":true,"showParticleSystems":true},"in2DMode":false,"pivot":{"x":49.28036117553711,"y":117.71287536621094,"z":77.56317138671875},"rotation":{"x":-0.05922998860478401,"y":0.9206296801567078,"z":-0.3537970781326294,"w":-0.15414445102214814},"size":74.94661712646485,"orthographic":false}