{"cameraMode":{"drawMode":0,"name":"Shaded","section":"Shading Mode"},"sceneLighting":false,"audioPlay":false,"sceneViewState":{"showFog":true,"showMaterialUpdate":false,"showSkybox":false,"showFlares":true,"showImageEffects":true,"showParticleSystems":true},"in2DMode":false,"pivot":{"x":436.50018310546877,"y":477.3092346191406,"z":-3.5479736328125},"rotation":{"x":-0.0030001418199390175,"y":-0.00599937979131937,"z":0.000018024064047494903,"w":-0.9999775290489197},"size":831.0687255859375,"orthographic":false}