{"cameraMode":{"drawMode":0,"name":"Shaded","section":"Shading Mode"},"sceneLighting":true,"audioPlay":false,"sceneViewState":{"showFog":true,"showMaterialUpdate":false,"showSkybox":true,"showFlares":true,"showImageEffects":true,"showParticleSystems":true},"in2DMode":false,"pivot":{"x":-18.200000762939454,"y":41.70000076293945,"z":-33.0},"rotation":{"x":-0.31554096937179568,"y":-0.6230761408805847,"z":0.30328935384750368,"w":-0.6482481360435486},"size":85.23658752441406,"orthographic":true}