{"cameraMode":{"drawMode":0,"name":"Shaded","section":"Shading Mode"},"sceneLighting":false,"audioPlay":false,"sceneViewState":{"showFog":true,"showMaterialUpdate":false,"showSkybox":false,"showFlares":true,"showImageEffects":true,"showParticleSystems":true},"in2DMode":false,"pivot":{"x":4.41943359375,"y":4.7872314453125,"z":-7.71728515625},"rotation":{"x":-0.26264479756355288,"y":0.6078991889953613,"z":-0.22320763766765595,"w":-0.7153003811836243},"size":3.418219804763794,"orthographic":true}